{
    "info": {
        "name": "Product API",
        "schema": "https://schema.getpostman.com/json/collection/v2.1.0/collection.json"
    },
    "item": [
        {
            "name": "Add Category",
            "request": {
                "method": "POST",
                "header": [],
                "body": {
                    "mode": "raw",
                    "raw": "{\n    \"name\": \"Electronics\"\n}"
                },
                "url": {
                    "raw": "http://localhost:3000/product/addCategory",
                    "protocol": "http",
                    "host": [
                        "localhost"
                    ],
                    "port": "3000",
                    "path": [
                        "addCategory"
                    ]
                }
            }
        },
        {
            "name": "Add Product",
            "request": {
                "method": "POST",
                "header": [],
                "body": {
                    "mode": "raw",
                    "raw": "{\n    \"name\": \"Laptop\",\n    \"description\": \"A high-end gaming laptop\",\n    \"price\": 1500.00,\n    \"categoryId\": 1\n}"
                },
                "url": {
                    "raw": "http://localhost:3000/product/addProduct",
                    "protocol": "http",
                    "host": [
                        "localhost"
                    ],
                    "port": "3000",
                    "path": [
                        "addProduct"
                    ]
                }
            }
        },
        {
            "name": "Add SubProduct",
            "request": {
                "method": "POST",
                "header": [],
                "body": {
                    "mode": "raw",
                    "raw": "{\n    \"productId\": 1,\n    \"name\": \"Gaming Mouse\",\n    \"price\": 50.00\n}"
                },
                "url": {
                    "raw": "http://localhost:3000/product/addSubProduct",
                    "protocol": "http",
                    "host": [
                        "localhost"
                    ],
                    "port": "3000",
                    "path": [
                        "addSubProduct"
                    ]
                }
            }
        },
        {
            "name": "Add Product Stock",
            "request": {
                "method": "POST",
                "header": [],
                "body": {
                    "mode": "raw",
                    "raw": "{\n    \"subProductId\": 1,\n    \"data\": \"Stock data\",\n    \"status\": \"PENDING\"\n}"
                },
                "url": {
                    "raw": "http://localhost:3000/product/addProductStock",
                    "protocol": "http",
                    "host": [
                        "localhost"
                    ],
                    "port": "3000",
                    "path": [
                        "addProductStock"
                    ]
                }
            }
        }
    ]
}